0,51.509,-0.16103,-0.012831,0.047983,-1.5429
0.5,51.509,-0.16103,0.12006,-0.014335,-2.3598
1,51.509,-0.16103,0.25553,0.0045029,-1.6467
1.5,51.509,-0.16103,0.49586,-0.00978,-1.3491
2,51.509,-0.16103,0.76366,0.0022979,-1.6709
2.5,51.509,-0.16103,0.97023,0.0063525,-1.4437
3,51.509,-0.16103,1.249,0.010364,-1.0079
3.5,51.509,-0.16103,1.2487,-0.0087141,-0.47623
4,51.509,-0.16103,1.3018,-0.015365,-1.7655
4.5,51.509,-0.16103,1.2143,-0.0080263,-1.7721
5,51.509,-0.16103,1.2382,0.0016012,-1.4689
5.5,51.509,-0.16103,1.2724,-0.021852,-1.0438
6,51.509,-0.16103,1.2333,0.01981,-1.6672
6.5,51.509,-0.16103,1.2646,0.029153,-0.72963
7,51.509,-0.16103,1.2233,0.0014236,-0.96444
7.5,51.509,-0.16103,1.3117,0.011498,-0.4565
8,51.509,-0.16103,1.2239,0.0044005,-1.1625
8.5,51.509,-0.16103,1.2678,-0.0076311,-1.7558
9,51.509,-0.16103,1.2429,0.011168,-1.9337
9.5,51.509,-0.16102,1.2981,0.041117,0.64725
10,51.509,-0.16102,1.2246,0.046756,1.3725
10.5,51.509,-0.16102,1.2615,0.021143,1.1305
11,51.509,-0.16102,1.2467,0.0063781,0.8294
11.5,51.509,-0.16102,1.2986,0.021075,0.088698
12,51.509,-0.16102,1.2301,-0.0042048,-0.40664
12.5,51.509,-0.16102,1.2777,-0.018175,-0.45243
13,51.509,-0.16102,1.2012,-0.0060173,-1.0148
13.5,51.509,-0.16102,1.2654,-0.00051498,-1.7391
14,51.509,-0.16102,1.2051,0.005566,-2.0694
14.5,51.509,-0.16102,1.2855,-0.028083,-1.3744
15,51.509,-0.16102,1.2067,-0.035026,-2.1631
15.5,51.509,-0.16102,1.2748,-0.028866,-3.495
16,51.509,-0.16102,1.1858,-0.014977,-3.8261
16.5,51.509,-0.16102,1.2641,-0.0080524,-3.0458
17,51.509,-0.16102,1.1814,0.00056437,-2.6794
17.5,51.509,-0.16102,1.2743,-0.0031512,-2.6409
18,51.509,-0.16102,1.2335,0.0040582,-2.5639
18.5,51.509,-0.16102,1.2611,-0.0074643,-2.1801
19,51.509,-0.16102,1.2023,0.0038363,-1.9405
19.5,51.509,-0.16102,1.2839,0.015864,-0.74795
20,51.509,-0.16102,1.2328,0.016139,-0.67082
20.5,51.509,-0.16102,1.2201,0.0047766,-0.94046
21,51.509,-0.16102,1.2744,0.013161,-1.4397
21.5,51.509,-0.16102,1.2064,0.010873,-0.23478
22,51.51,-0.16102,1.2285,-0.019499,-0.87621
22.5,51.51,-0.16102,1.2441,-0.025549,-1.6987
23,51.51,-0.16102,1.2657,-0.018509,-0.94994
23.5,51.51,-0.16102,1.2029,0.016776,-0.50158
24,51.51,-0.16102,1.2549,0.0053737,-1.4375
24.5,51.51,-0.16102,1.2215,-0.0075342,-1.2952
25,51.51,-0.16102,1.2641,-0.0070479,-1.0402
25.5,51.51,-0.16102,1.2397,-0.038049,-1.353
26,51.51,-0.16102,1.2514,-0.010453,-1.4065
26.5,51.51,-0.16102,1.2233,-0.026845,-2.6001
27,51.51,-0.16102,1.2609,-0.016474,-2.5174
27.5,51.51,-0.16102,1.2193,-0.036098,-1.1109
28,51.51,-0.16102,1.2631,-0.035914,-1.3786
28.5,51.51,-0.16102,1.2267,-0.03621,-1.1445
29,51.51,-0.16102,1.2553,-0.050167,-2.3122
29.5,51.51,-0.16102,1.2156,-0.038249,-2.433
30,51.51,-0.16102,1.261,-0.014309,-2.5408
30.5,51.51,-0.16102,1.2694,-0.01628,-2.3472
31,51.51,-0.16102,1.237,-0.0076128,-1.4893
31.5,51.51,-0.16102,1.2439,-0.0015119,-1.3416
32,51.51,-0.16102,1.2376,-0.0092253,-0.042034
32.5,51.51,-0.16102,1.0495,-0.016324,-0.70269
33,51.51,-0.16103,0.73163,-0.02199,-2.5147
33.5,51.51,-0.16103,0.5354,-0.024445,-2.6775
34,51.51,-0.16103,0.21475,-0.00021143,-1.5546
34.5,51.51,-0.16102,0.18972,0.062159,8.7767
35,51.51,-0.16102,0.25705,0.1314,25.152
35.5,51.51,-0.16102,0.17787,0.18567,41.339
36,51.51,-0.16102,0.11495,0.21079,57.754
36.5,51.51,-0.16102,0.059362,0.23469,73.859
37,51.51,-0.16102,0.012097,0.24703,88.473
37.5,51.51,-0.16102,-0.060735,0.20469,103.47
38,51.51,-0.16101,-0.11871,0.25763,117.27
38.5,51.51,-0.16101,-0.15642,0.1542,130.64
39,51.51,-0.16101,-0.21505,0.13284,144.93
39.5,51.51,-0.16101,-0.24094,0.066577,161.55
40,51.51,-0.16101,-0.23883,0.0047597,177.36
40.5,51.51,-0.16101,-0.49941,0.01823,183.11
41,51.51,-0.16101,-0.76462,-0.018899,181.54
41.5,51.51,-0.16101,-1.004,0.007871,182.73
42,51.51,-0.16101,-1.2578,-0.0064251,182.63
42.5,51.51,-0.16101,-1.289,0.021613,180.36
43,51.51,-0.16101,-1.2797,0.030848,179.07
43.5,51.51,-0.16101,-1.2231,-0.0017887,179.75
44,51.51,-0.16101,-1.2495,-0.017762,179.32
44.5,51.51,-0.16101,-1.211,-0.0012981,179.82
45,51.51,-0.16101,-1.259,0.01889,178.97
45.5,51.51,-0.16101,-1.235,-0.0076856,179.36
46,51.51,-0.16101,-1.2751,-0.002286,179.85
46.5,51.51,-0.16101,-1.2134,-0.029503,179.39
47,51.51,-0.16101,-1.2463,-0.025314,178.38
47.5,51.51,-0.16101,-1.2208,-0.024438,177.96
48,51.51,-0.16101,-1.2616,-0.027914,177.98
48.5,51.51,-0.16101,-1.2638,-0.010895,179.27
49,51.51,-0.16101,-1.2508,-0.030138,179.79
49.5,51.51,-0.16101,-1.2279,0.03067,177.92
50,51.51,-0.16101,-1.2922,0.0037031,178.89
50.5,51.51,-0.16101,-1.2312,0.01219,177.87
51,51.51,-0.16101,-1.3072,0.015307,176.84
51.5,51.51,-0.16101,-1.2175,0.0026071,177.84
52,51.51,-0.16101,-1.2377,0.0069206,179.39
52.5,51.51,-0.16101,-1.245,0.0087422,178.53
53,51.509,-0.16101,-1.2593,-0.0085944,179.54
53.5,51.509,-0.16101,-1.2394,-0.0090393,180.8
54,51.509,-0.16101,-1.3008,-0.010191,180.91
54.5,51.509,-0.16101,-1.2241,-0.0079149,180.76
55,51.509,-0.16101,-1.3048,0.0049417,179.21
55.5,51.509,-0.16101,-1.2286,0.026093,178.62
56,51.509,-0.16101,-1.261,0.0041306,177.54
56.5,51.509,-0.16101,-1.253,0.019464,177.09
57,51.509,-0.16101,-1.2244,0.0042327,177.23
57.5,51.509,-0.16101,-1.2799,0.026467,177.84
58,51.509,-0.16101,-1.214,0.068467,175.69
58.5,51.509,-0.16101,-1.2605,0.042158,175.61
59,51.509,-0.16101,-1.286,0.0047506,177.19
59.5,51.509,-0.16101,-1.2827,0.01485,177.01
60,51.509,-0.16101,-1.2188,0.012912,178.28
60.5,51.509,-0.16101,-1.3016,-0.011876,178.79
61,51.509,-0.16101,-1.2409,-0.023805,178.16
61.5,51.509,-0.16101,-1.2231,-0.039128,179.1
62,51.509,-0.16101,-1.2812,-0.034468,179.61
62.5,51.509,-0.16101,-1.243,-0.0096953,179.14
63,51.509,-0.16101,-1.2796,-0.040862,180.76
63.5,51.509,-0.16101,-1.2421,-0.013698,180.58
64,51.509,-0.16101,-1.265,-0.032838,180.73
64.5,51.509,-0.16101,-1.2088,-0.02248,180.64
65,51.509,-0.16101,-1.3051,-0.0012757,179.69
65.5,51.509,-0.16101,-1.2228,0.039429,178.8
66,51.509,-0.16101,-1.2681,0.050692,178.63
66.5,51.509,-0.16101,-1.2452,0.021905,178.77
67,51.509,-0.16101,-1.2486,0.0054938,179.08
67.5,51.509,-0.16101,-1.2233,-0.0013366,178.3
68,51.509,-0.16101,-1.2659,0.0008541,179.06
68.5,51.509,-0.16101,-1.1849,-0.0063699,179.21
69,51.509,-0.16101,-1.2955,0.0015518,178.24
69.5,51.509,-0.16101,-1.1962,-0.0031343,178.68
70,51.509,-0.16101,-1.3271,0.003213,178.69
70.5,51.509,-0.16101,-1.2176,0.0038353,178.46
71,51.509,-0.16101,-1.2784,0.01006,177.87
71.5,51.509,-0.16101,-1.0479,-0.020261,178.88
72,51.509,-0.16101,-0.74081,0.0020987,178.08
72.5,51.509,-0.16101,-0.50626,0.011908,176.76
73,51.509,-0.16101,-0.2674,0.0046046,176.76
73.5,51.509,-0.16101,-0.1646,0.069835,167.29
74,51.509,-0.16101,-0.21185,0.12037,150.7
74.5,51.509,-0.16101,-0.13894,0.14811,135.32
75,51.509,-0.16101,-0.13891,0.25027,119.72
75.5,51.509,-0.161,-0.050065,0.27668,103.51
76,51.509,-0.161,0.026022,0.21675,88.357
76.5,51.509,-0.161,0.074245,0.27394,74.143
77,51.509,-0.161,0.14876,0.2125,59.695
77.5,51.509,-0.161,0.16269,0.18155,44.292
78,51.509,-0.161,0.22748,0.154,28.964
78.5,51.509,-0.161,0.21753,0.066219,14.494
79,51.509,-0.161,0.19503,-0.0079676,0.1333
79.5,51.509,-0.161,0.46497,-0.0085209,-5.1341
80,51.509,-0.161,0.71959,-0.019271,-4.5937
80.5,51.509,-0.161,1.0072,-0.00092032,-4.0075
81,51.509,-0.161,1.2552,-0.032243,-2.9412
81.5,51.509,-0.161,1.3037,-0.02144,-2.3173
82,51.509,-0.161,1.2889,-0.018642,-1.4068
82.5,51.509,-0.161,1.2536,-0.015657,-1.1404
83,51.509,-0.161,1.2849,-0.015399,-2.1963
83.5,51.509,-0.161,1.2016,-0.0014938,-2.1459
84,51.509,-0.161,1.2715,-0.032185,-1.0255
84.5,51.509,-0.161,1.2867,-0.026587,-0.93262
85,51.509,-0.161,1.2672,-0.004215,-0.93082
85.5,51.509,-0.161,1.2444,0.011408,-1.2761
86,51.509,-0.161,1.2349,0.026854,-1.0955
86.5,51.509,-0.161,1.2392,0.018384,-0.43508
87,51.509,-0.161,1.2184,-0.010052,-2.1949
87.5,51.509,-0.161,1.2569,-0.051606,-2.3681
88,51.509,-0.161,1.2616,-0.034605,-1.1712
88.5,51.509,-0.161,1.2494,-0.032741,-0.40413
89,51.509,-0.161,1.2336,-0.019944,-0.8726
89.5,51.509,-0.161,1.2855,-0.027181,-0.94608
90,51.509,-0.161,1.2098,0.016374,-0.0030676
90.5,51.509,-0.161,1.2673,-0.0083724,0.27633
91,51.509,-0.161,1.2348,-0.0064839,-0.88915
91.5,51.509,-0.161,1.2304,-0.030734,-1.0496
92,51.509,-0.161,1.2219,-0.012405,-1.9953
92.5,51.509,-0.161,1.2643,-0.033568,-1.8028
93,51.509,-0.161,1.2185,-0.020295,-2.0696
93.5,51.509,-0.161,1.2723,-0.0032419,-1.729
94,51.509,-0.161,1.2566,0.026779,-0.17678
94.5,51.509,-0.161,1.256,0.01424,0.17842
95,51.509,-0.161,1.2329,0.040767,0.56775
95.5,51.509,-0.161,1.2689,-0.0054306,-0.51393
96,51.509,-0.161,1.2082,-0.018327,-1.2066
96.5,51.509,-0.161,1.2594,0.011944,-0.99277
97,51.509,-0.161,1.2486,0.032339,0.28623
97.5,51.509,-0.161,1.2662,0.015164,0.69938
98,51.509,-0.161,1.2504,0.019866,0.84839
98.5,51.509,-0.161,1.2436,0.026206,0.96696
99,51.509,-0.161,1.272,0.046175,1.1093
99.5,51.51,-0.161,1.2137,0.048722,0.53615
100,51.51,-0.161,1.2784,-0.0078869,-0.73106
100.5,51.51,-0.161,1.1779,0.011059,-0.87771
101,51.51,-0.161,1.3321,-0.022728,-1.1611
101.5,51.51,-0.161,1.1398,0.0030529,-0.78523
102,51.51,-0.161,1.2782,0.0090943,-0.36043
102.5,51.51,-0.161,1.2784,-0.013842,-1.5027
103,51.51,-0.161,1.2584,0.032482,-1.0416
103.5,51.51,-0.161,1.2251,-0.016065,-2.0716
104,51.51,-0.161,1.3104,-0.033883,-2.6072
104.5,51.51,-0.161,1.1986,-0.031459,-3.0573
105,51.51,-0.161,1.2909,-0.031001,-2.5163
105.5,51.51,-0.161,1.2281,-0.03091,-2.6671
106,51.51,-0.161,1.2975,-0.011874,-2.4567
106.5,51.51,-0.161,1.2578,-0.0036758,-2.3747
107,51.51,-0.161,1.2528,0.0059333,-1.4109
107.5,51.51,-0.161,1.2742,0.0085696,-1.8443
108,51.51,-0.161,1.2119,0.00077328,-1.9666
108.5,51.51,-0.161,1.3391,-0.019064,-3.1951
109,51.51,-0.161,1.2323,-0.021117,-3.9163
109.5,51.51,-0.161,1.2934,-0.0098112,-3.1038
110,51.51,-0.161,1.218,-0.03121,-2.6926
110.5,51.51,-0.161,1.1148,-0.024201,-2.4399
111,51.51,-0.161,0.75122,-0.014481,-2.9076
111.5,51.51,-0.161,0.52518,-0.0066381,-3.9991
112,51.51,-0.161,0.21578,-0.0065775,-3.5007
112.5,51.51,-0.161,0.20583,0.057734,6.4759
113,51.51,-0.161,0.1531,0.13844,23.918
113.5,51.51,-0.161,0.15791,0.20462,41.195
114,51.51,-0.16099,0.12354,0.20807,58.863
114.5,51.51,-0.16099,0.10358,0.29337,73.689
115,51.51,-0.16099,-0.033523,0.21719,88.965
115.5,51.51,-0.16099,-0.042286,0.24846,103.57
116,51.51,-0.16099,-0.14269,0.18305,117.92
116.5,51.51,-0.16099,-0.16986,0.1875,132.55
117,51.51,-0.16098,-0.24927,0.14708,147.83
117.5,51.51,-0.16098,-0.21074,0.042755,162.42
118,51.51,-0.16098,-0.30183,0.032725,177.83
118.5,51.51,-0.16098,-0.41537,-0.015193,183.26
119,51.51,-0.16098,-0.76101,0.027354,181.5
119.5,51.51,-0.16098,-0.99992,0.0419,179.66
120,51.51,-0.16098,-1.2631,0.035709,178.87
120.5,51.51,-0.16098,-1.246,0.0040311,178.93
121,51.51,-0.16098,-1.3082,-0.0070879,179.07
121.5,51.51,-0.16098,-1.2329,0.02261,179.35
122,51.51,-0.16098,-1.2458,0.016851,179.18
122.5,51.51,-0.16098,-1.2443,0.0093624,179.68
123,51.51,-0.16098,-1.2665,-0.031047,180.79
123.5,51.51,-0.16098,-1.2389,-0.019971,180.39
124,51.51,-0.16098,-1.2402,-0.020973,181.01
124.5,51.51,-0.16098,-1.2634,-0.033739,180.92
125,51.51,-0.16098,-1.246,-0.046509,180.86
125.5,51.51,-0.16098,-1.2397,-0.020926,180.87
126,51.51,-0.16098,-1.2619,0.0034477,179.47
126.5,51.51,-0.16098,-1.2477,0.040494,176.96
127,51.51,-0.16098,-1.2489,0.013571,176.76
127.5,51.51,-0.16098,-1.2013,0.018398,175.87
128,51.51,-0.16098,-1.2454,-0.0034674,177.07
128.5,51.51,-0.16098,-1.2123,0.022868,177.19
129,51.51,-0.16098,-1.2603,0.0096967,177.87
129.5,51.51,-0.16098,-1.2036,-0.022476,179.34
130,51.51,-0.16098,-1.2727,-0.019974,179.8
130.5,51.51,-0.16098,-1.2543,-0.012964,179.59
131,51.509,-0.16098,-1.2785,-0.014658,179.42
131.5,51.509,-0.16098,-1.2003,-0.021558,180.11
132,51.509,-0.16098,-1.3059,-0.011779,180.08
132.5,51.509,-0.16098,-1.2082,0.019495,179.7
133,51.509,-0.16098,-1.2937,0.029954,179.06
133.5,51.509,-0.16098,-1.1961,0.046573,178.97
134,51.509,-0.16098,-1.287,0.054947,178.86
134.5,51.509,-0.16098,-1.1968,0.049229,177.91
135,51.509,-0.16098,-1.2542,0.028016,178.44
135.5,51.509,-0.16098,-1.2174,-0.0070133,179.35
136,51.509,-0.16098,-1.2607,-0.0069574,179.79
136.5,51.509,-0.16098,-1.2213,0.016339,179.09
137,51.509,-0.16098,-1.3003,0.021566,178.9
137.5,51.509,-0.16098,-1.2358,0.022727,178.31
138,51.509,-0.16098,-1.2369,0.01041,178.59
138.5,51.509,-0.16098,-1.2427,0.024524,178.5
139,51.509,-0.16098,-1.2438,0.02584,178.77
139.5,51.509,-0.16098,-1.2348,0.025296,178.31
140,51.509,-0.16098,-1.2819,0.027991,178.64
140.5,51.509,-0.16098,-1.2397,0.018515,179.53
141,51.509,-0.16098,-1.2836,0.031047,178.51
141.5,51.509,-0.16098,-1.2187,-0.0032272,178.35
142,51.509,-0.16098,-1.2409,-0.0061613,177.77
142.5,51.509,-0.16098,-1.2548,0.013995,177.87
143,51.509,-0.16098,-1.3027,-0.010224,178.68
143.5,51.509,-0.16098,-1.2007,-0.021505,180.06
144,51.509,-0.16098,-1.2527,-0.0079453,180.16
144.5,51.509,-0.16098,-1.2654,0.0095432,179.11
145,51.509,-0.16098,-1.2377,0.027509,178.07
145.5,51.509,-0.16098,-1.2837,0.0045946,178.08
146,51.509,-0.16098,-1.2613,0.016924,179.22
146.5,51.509,-0.16098,-1.2623,-0.010068,179.44
147,51.509,-0.16098,-1.2147,0.016238,179.17
147.5,51.509,-0.16098,-1.2958,0.013757,179.52
148,51.509,-0.16098,-1.2205,0.028117,179.74
148.5,51.509,-0.16098,-1.2987,0.019259,179.16
149,51.509,-0.16098,-1.2239,0.021016,179.12
149.5,51.509,-0.16098,-1.0877,0.01127,179.35
150,51.509,-0.16098,-0.76594,0.0074286,179.23
150.5,51.509,-0.16098,-0.49132,-0.013223,179.08
151,51.509,-0.16098,-0.25797,-0.036082,178.89
151.5,51.509,-0.16098,-0.19604,0.03373,169.49
152,51.509,-0.16098,-0.18312,0.13342,153.38
152.5,51.509,-0.16098,-0.15745,0.16006,138.4
153,51.509,-0.16098,-0.12418,0.21094,123.64
153.5,51.509,-0.16098,-0.056146,0.21228,107.18
154,51.509,-0.16097,-0.022895,0.25882,91.062
154.5,51.509,-0.16097,0.067599,0.2346,74.828
155,51.509,-0.16097,0.12077,0.23432,60.056
155.5,51.509,-0.16097,0.16113,0.14413,44.123
156,51.509,-0.16097,0.24264,0.16208,30.159
156.5,51.509,-0.16097,0.21277,0.042291,15.428
157,51.509,-0.16097,0.23667,0.015292,-0.58869
157.5,51.509,-0.16097,0.47707,-0.030299,-5.6377
158,51.509,-0.16097,0.7309,-0.026926,-4.0202
158.5,51.509,-0.16097,1.0388,-0.035865,-3.9107
159,51.509,-0.16097,1.215,-0.016397,-2.9642
159.5,51.509,-0.16097,1.3155,-0.0035828,-1.6601
160,51.509,-0.16097,1.2453,-0.010838,-0.75781
160.5,51.509,-0.16097,1.2982,-0.0051279,-1.4841
161,51.509,-0.16097,1.2359,0.0095856,-1.4973
161.5,51.509,-0.16097,1.2504,0.015554,-1.6334
162,51.509,-0.16097,1.2424,0.023604,-0.45622
162.5,51.509,-0.16097,1.255,0.016885,-0.41666
163,51.509,-0.16097,1.2783,-0.010724,-0.7029
163.5,51.509,-0.16097,1.2575,0.010817,-0.47366
164,51.509,-0.16097,1.2583,-0.0083236,-0.52058
164.5,51.509,-0.16097,1.2611,0.0030086,0.80939
165,51.509,-0.16097,1.2655,0.001737,1.2839
165.5,51.509,-0.16097,1.2779,0.0065904,1.5514
166,51.509,-0.16097,1.2474,0.016966,1.1909
166.5,51.509,-0.16097,1.2828,-0.0013104,0.8495
167,51.509,-0.16097,1.2292,0.014259,0.04532
167.5,51.509,-0.16097,1.248,0.004107,0.277
168,51.509,-0.16097,1.238,0.010991,0.71443
168.5,51.509,-0.16097,1.243,-0.0065014,0.60741
169,51.509,-0.16097,1.2706,-0.026837,-0.4362
169.5,51.509,-0.16097,1.2479,-0.015494,-0.63005
170,51.509,-0.16097,1.2528,-0.014089,-1.6318
170.5,51.509,-0.16097,1.2299,-0.015755,-1.8786
171,51.509,-0.16097,1.2632,-0.0049126,-1.5621
171.5,51.509,-0.16097,1.1751,-0.0089045,-1.3933
172,51.509,-0.16097,1.2782,-0.0061906,-0.98482
172.5,51.509,-0.16097,1.2136,0.0039171,-0.35835
173,51.509,-0.16097,1.2707,0.024609,-0.3561
173.5,51.509,-0.16097,1.22,0.011433,0.73121
174,51.509,-0.16097,1.2556,0.015356,0.46135
174.5,51.509,-0.16097,1.2768,0.015325,0.070632
175,51.509,-0.16097,1.2375,-0.011037,-0.58562
175.5,51.509,-0.16097,1.247,-0.010898,-0.60417
176,51.509,-0.16097,1.2848,0.027484,-0.37992
176.5,51.509,-0.16097,1.2324,-0.001228,-0.53404
177,51.509,-0.16097,1.2946,0.0077599,-0.25236
177.5,51.51,-0.16097,1.2122,0.032063,-0.29223
178,51.51,-0.16097,1.3121,0.022624,-1.3788
178.5,51.51,-0.16097,1.2118,0.015805,-2.1497
179,51.51,-0.16097,1.2594,0.032616,-2.2595
179.5,51.51,-0.16097,1.2137,0.023838,-1.8581
180,51.51,-0.16097,1.2457,0.0055853,-1.3872
180.5,51.51,-0.16097,1.2101,0.011313,-1.2555
181,51.51,-0.16097,1.2734,0.0081407,-0.87961
181.5,51.51,-0.16097,1.2258,-0.0079147,-0.91896
182,51.51,-0.16097,1.2779,-0.010189,-1.1931
182.5,51.51,-0.16097,1.1901,-0.010514,-0.86044
183,51.51,-0.16097,1.2951,0.011471,-1.2343
183.5,51.51,-0.16097,1.236,-1.2189e-05,-2.22
184,51.51,-0.16097,1.2364,-0.0057086,-2.0958
184.5,51.51,-0.16097,1.2251,0.0075217,-1.7188
185,51.51,-0.16097,1.2554,-0.015334,-1.3358
185.5,51.51,-0.16097,1.2711,-0.040446,-1.88
186,51.51,-0.16097,1.2509,-0.022252,-1.8529
186.5,51.51,-0.16097,1.244,-0.0072614,-2.0572
187,51.51,-0.16097,1.2304,-0.02095,-2.6304
187.5,51.51,-0.16097,1.2252,-0.008516,-2.3241
188,51.51,-0.16097,1.2936,0.0020496,-1.2178
188.5,51.51,-0.16097,1.0138,0.0047575,-0.1704
189,51.51,-0.16097,0.79891,0.0065386,0.41691
189.5,51.51,-0.16097,0.48705,-0.0038894,1.472
190,51.51,-0.16097,0.23572,-0.024233,2.1686
190.5,51.51,-0.16097,0.21904,0.045332,10.966
191,51.51,-0.16097,0.18011,0.11591,27.178
191.5,51.51,-0.16097,0.20025,0.18992,41.527
192,51.51,-0.16096,0.11474,0.22377,58.496
192.5,51.51,-0.16096,0.10556,0.25606,73.763
193,51.51,-0.16096,0.0044179,0.21282,89.721
193.5,51.51,-0.16096,-0.045245,0.26403,104.14
194,51.51,-0.16096,-0.1427,0.17612,118.45
194.5,51.51,-0.16096,-0.19429,0.21987,132.87
195,51.51,-0.16095,-0.18333,0.088998,147.38
195.5,51.51,-0.16095,-0.25655,0.12363,161.62
196,51.51,-0.16095,-0.23554,-0.0095372,176.06
196.5,51.51,-0.16095,-0.50219,0.013737,181.35
197,51.51,-0.16095,-0.74624,-0.0031264,180.97
197.5,51.51,-0.16095,-0.99548,0.010769,181.07
198,51.51,-0.16095,-1.2769,-0.0032955,180.89
198.5,51.51,-0.16095,-1.3103,0.027617,179.88
199,51.51,-0.16095,-1.2231,-0.018486,181.17
199.5,51.51,-0.16095,-1.2897,-0.014502,180.08
200,51.51,-0.16095,-1.1916,0.0043083,180.06
200.5,51.51,-0.16095,-1.2971,-0.0010677,179.41
201,51.51,-0.16095,-1.2612,0.021224,178.56
201.5,51.51,-0.16095,-1.2636,0.02222,179.22
202,51.51,-0.16095,-1.2361,0.022447,179.05
202.5,51.51,-0.16095,-1.2824,0.027424,178.87
203,51.51,-0.16095,-1.24,0.0043126,179.19
203.5,51.51,-0.16095,-1.2641,0.007143,179.42
204,51.51,-0.16095,-1.2711,0.017265,179.95
204.5,51.51,-0.16095,-1.2296,0.029241,179.34
205,51.51,-0.16095,-1.2656,0.022804,179.35
205.5,51.51,-0.16095,-1.214,0.013807,178.98
206,51.51,-0.16095,-1.2761,-0.0048555,179.46
206.5,51.51,-0.16095,-1.2152,-0.02075,180.04
207,51.51,-0.16095,-1.2681,-0.026801,180.77
207.5,51.51,-0.16095,-1.2355,-0.02302,180.11
208,51.51,-0.16095,-1.2325,-0.0131,180.66
208.5,51.51,-0.16095,-1.2684,-0.035307,180.28
209,51.509,-0.16095,-1.2105,-0.003713,180.16
209.5,51.509,-0.16095,-1.3007,-0.009181,180.48
210,51.509,-0.16095,-1.2235,0.0174,180.38
210.5,51.509,-0.16095,-1.3209,0.036543,179.56
211,51.509,-0.16095,-1.1782,-0.0003678,180.7
211.5,51.509,-0.16095,-1.3428,0.029491,179.68
212,51.509,-0.16095,-1.2119,0.0041063,179.87
212.5,51.509,-0.16095,-1.2673,0.00024368,179.48
213,51.509,-0.16095,-1.2405,-0.03353,179.29
213.5,51.509,-0.16095,-1.2174,-0.020364,180.37
214,51.509,-0.16095,-1.2848,0.0020904,179.42
214.5,51.509,-0.16095,-1.2138,0.010788,179.41
215,51.509,-0.16095,-1.2482,0.0025425,179.85
215.5,51.509,-0.16095,-1.2171,-0.0048868,179.02
216,51.509,-0.16095,-1.2707,-0.017532,179.4
216.5,51.509,-0.16095,-1.2296,-0.015088,179.79
217,51.509,-0.16095,-1.2358,-0.019182,178.79
217.5,51.509,-0.16095,-1.28,-0.0046628,177.73
218,51.509,-0.16095,-1.2184,0.0095507,177.49
218.5,51.509,-0.16095,-1.2998,-0.017886,178.49
219,51.509,-0.16095,-1.208,0.0052237,178.16
219.5,51.509,-0.16095,-1.2959,0.0061775,178.91
220,51.509,-0.16095,-1.2037,-0.016303,179.45
220.5,51.509,-0.16095,-1.2955,0.0069382,179.67
221,51.509,-0.16095,-1.2144,-0.010912,179.48
221.5,51.509,-0.16095,-1.2692,-0.013078,180.2
222,51.509,-0.16095,-1.2671,0.019986,178.49
222.5,51.509,-0.16095,-1.2337,0.0027665,178.56
223,51.509,-0.16095,-1.2625,-0.014041,178.7
223.5,51.509,-0.16095,-1.2486,-0.015975,178.42
224,51.509,-0.16095,-1.2465,-0.014145,178.77
224.5,51.509,-0.16095,-1.2306,-0.010614,179.11
225,51.509,-0.16095,-1.2772,0.0055859,178.4
225.5,51.509,-0.16095,-1.2231,-0.0065732,179.45
226,51.509,-0.16095,-1.2867,-0.0085025,179.42
226.5,51.509,-0.16095,-1.2229,-0.0066015,180.03
227,51.509,-0.16095,-1.2808,-0.0097626,180.12
227.5,51.509,-0.16095,-1.0159,0.010834,180.12
228,51.509,-0.16095,-0.80814,0.004597,180.08
228.5,51.509,-0.16095,-0.49137,0.0003802,180.45
229,51.509,-0.16095,-0.27075,-0.014608,180.49
229.5,51.509,-0.16095,-0.19012,0.07584,169.67
230,51.509,-0.16095,-0.22483,0.13354,152.95
230.5,51.509,-0.16095,-0.1908,0.18613,136.92
231,51.509,-0.16095,-0.12543,0.23648,121.53
231.5,51.509,-0.16095,-0.062227,0.25978,106.53
232,51.509,-0.16095,0.0087472,0.2226,90.558
232.5,51.509,-0.16094,0.060673,0.27655,75.447
233,51.509,-0.16094,0.15117,0.22157,59.348
233.5,51.509,-0.16094,0.16113,0.17218,44.242
234,51.509,-0.16094,0.20446,0.11829,30.005
234.5,51.509,-0.16094,0.23815,0.072465,14.945
235,51.509,-0.16094,0.24226,-0.021963,-1.1792
235.5,51.509,-0.16094,0.45317,-0.021286,-5.8885
236,51.509,-0.16094,0.74229,-0.0088719,-3.2818
236.5,51.509,-0.16094,0.99013,-0.0076018,-2.1252
237,51.509,-0.16094,1.2865,0.0042894,-1.6041
237.5,51.509,-0.16094,1.2761,0.0073444,-2.0866
238,51.509,-0.16094,1.2583,0.017024,-2.1009
238.5,51.509,-0.16094,1.2503,0.014258,-1.8838
239,51.509,-0.16094,1.2375,-0.027205,-1.5032
239.5,51.509,-0.16094,1.2568,-0.027302,-2.2076
240,51.509,-0.16094,1.2271,-0.030096,-2.9888
240.5,51.509,-0.16094,1.2606,-0.015135,-3.3499
241,51.509,-0.16094,1.2284,-0.00017281,-2.2128
241.5,51.509,-0.16094,1.2509,0.0090222,-0.5986
242,51.509,-0.16094,1.2093,0.0044496,-0.3726
242.5,51.509,-0.16094,1.2386,0.022029,-0.73721
243,51.509,-0.16094,1.2412,0.01335,-0.83186
243.5,51.509,-0.16094,1.2762,-0.017692,-0.81825
244,51.509,-0.16094,1.2279,0.0024457,-0.94345
244.5,51.509,-0.16094,1.2969,-0.0014019,-1.3439
245,51.509,-0.16094,1.1975,-0.0052025,-1.3409
245.5,51.509,-0.16094,1.3006,-0.022778,-0.34746
246,51.509,-0.16094,1.2007,0.0071691,-1.2599
246.5,51.509,-0.16094,1.2592,-0.0052219,-1.4213
247,51.509,-0.16094,1.2344,0.0022754,-1.0891
247.5,51.509,-0.16094,1.2625,0.00067182,-1.8618
248,51.509,-0.16094,1.2173,-0.0067772,-1.5958
248.5,51.509,-0.16094,1.2336,-0.0099706,-2.1394
249,51.509,-0.16094,1.2311,-0.018392,-2.7186
249.5,51.509,-0.16094,1.2598,-0.025332,-2.5569
250,51.509,-0.16094,1.2162,-0.026319,-2.5124
250.5,51.509,-0.16094,1.2277,-0.034188,-2.8614
251,51.509,-0.16094,1.2674,-0.035075,-2.4072
251.5,51.509,-0.16094,1.2484,-0.02709,-2.3066
252,51.509,-0.16094,1.2726,-0.026493,-2.6514
252.5,51.509,-0.16094,1.2421,-0.010949,-2.7946
253,51.509,-0.16094,1.2483,-0.011938,-2.0522
253.5,51.509,-0.16094,1.2291,0.006379,-1.4186
254,51.509,-0.16094,1.2485,-0.022101,-1.6881
254.5,51.509,-0.16094,1.2322,-0.022136,-0.82091
255,51.509,-0.16094,1.2521,-0.0013199,0.54705
255.5,51.51,-0.16094,1.2441,-0.0057116,1.0592
256,51.51,-0.16094,1.3022,-0.0053021,0.50137
256.5,51.51,-0.16094,1.2204,0.010126,-0.57363
257,51.51,-0.16094,1.2729,-0.0027483,-1.3721
257.5,51.51,-0.16094,1.2557,0.015068,-0.53249
258,51.51,-0.16094,1.2296,-0.011518,-0.016069
258.5,51.51,-0.16094,1.2776,-0.014513,-1.0122
259,51.51,-0.16094,1.2114,0.012338,-0.25266
259.5,51.51,-0.16094,1.2628,0.019465,1.0663
260,51.51,-0.16094,1.2536,0.017998,0.42513
260.5,51.51,-0.16094,1.2659,0.03435,1.1716
261,51.51,-0.16094,1.234,0.056186,1.2818
261.5,51.51,-0.16094,1.3189,0.053473,2.3746
262,51.51,-0.16094,1.2188,0.068283,2.2326
262.5,51.51,-0.16094,1.3103,0.049239,0.90114
263,51.51,-0.16094,1.2172,0.058165,1.136
263.5,51.51,-0.16094,1.3135,0.036362,-0.22241
264,51.51,-0.16094,1.1784,0.022301,0.015905
264.5,51.51,-0.16094,1.2887,0.022106,-0.6617
265,51.51,-0.16094,1.1891,-0.00067382,-1.1156
265.5,51.51,-0.16094,1.2632,0.0025259,-0.48732
266,51.51,-0.16094,1.195,0.0223,-0.56924
266.5,51.51,-0.16094,1.09,0.010251,0.060303
267,51.51,-0.16094,0.74731,-0.013015,-0.86462
267.5,51.51,-0.16094,0.55115,0.02142,0.17079
268,51.51,-0.16094,0.21005,0.0030367,1.4005
268.5,51.51,-0.16094,0.2715,0.028391,10.576
269,51.51,-0.16094,0.1551,0.11788,25.87
269.5,51.51,-0.16094,0.20479,0.17748,41.664
270,51.51,-0.16093,0.099133,0.2286,57.475
270.5,51.51,-0.16093,0.088968,0.24642,72.083
271,51.51,-0.16093,-0.012448,0.25455,86.901
271.5,51.51,-0.16093,-0.049105,0.2695,102.58
272,51.51,-0.16093,-0.15265,0.2472,117.69
272.5,51.51,-0.16093,-0.16561,0.1911,132.47
273,51.51,-0.16092,-0.24818,0.14869,148.42
273.5,51.51,-0.16092,-0.21311,0.039237,163.4
274,51.51,-0.16092,-0.24058,0.004632,178.91
274.5,51.51,-0.16092,-0.49074,-0.0087777,184.65
275,51.51,-0.16092,-0.69688,0.0026748,182.89
275.5,51.51,-0.16092,-1.05,-0.0075123,181.53
276,51.51,-0.16092,-1.1951,-0.0031195,181.75
276.5,51.51,-0.16092,-1.3615,-0.005469,180.73
277,51.51,-0.16092,-1.2524,0.030182,179.43
277.5,51.51,-0.16092,-1.314,0.023443,178.95
278,51.51,-0.16092,-1.2194,0.017891,179.06
278.5,51.51,-0.16092,-1.2858,0.013392,178.97
279,51.51,-0.16092,-1.2219,0.0049007,178.1
279.5,51.51,-0.16092,-1.2742,0.012257,177.47
280,51.51,-0.16092,-1.2526,-0.0016853,178.15
280.5,51.51,-0.16092,-1.257,-0.0065284,179.39
281,51.51,-0.16092,-1.2307,0.0064271,179.14
281.5,51.51,-0.16092,-1.2479,0.0058892,179.97
282,51.51,-0.16092,-1.2169,-0.018525,181.09
282.5,51.51,-0.16092,-1.2494,0.00064136,180.75
283,51.51,-0.16092,-1.2385,-0.0059689,180.47
283.5,51.51,-0.16092,-1.2708,0.0057882,179.56
284,51.51,-0.16092,-1.2075,0.016484,178.74
284.5,51.51,-0.16092,-1.2952,0.028528,177.32
285,51.51,-0.16092,-1.2387,0.051442,176.83
285.5,51.51,-0.16092,-1.2597,0.058711,176.02
286,51.51,-0.16092,-1.2367,0.065566,175.98
286.5,51.51,-0.16092,-1.2616,0.032924,176.91
287,51.509,-0.16092,-1.2499,0.050342,176.45
287.5,51.509,-0.16092,-1.2428,0.039332,176.77
288,51.509,-0.16092,-1.2616,0.036185,177.61
288.5,51.509,-0.16092,-1.2813,0.025326,176.52
289,51.509,-0.16092,-1.2515,0.032499,176.31
289.5,51.509,-0.16092,-1.2796,0.025181,175.5
290,51.509,-0.16092,-1.229,-0.010407,177.44
290.5,51.509,-0.16092,-1.2931,-0.002091,177.88
291,51.509,-0.16092,-1.2817,0.0080597,178.16
291.5,51.509,-0.16092,-1.242,-0.0024109,178.97
292,51.509,-0.16092,-1.2604,-0.012277,178.79
292.5,51.509,-0.16092,-1.29,-0.0091624,178.61
293,51.509,-0.16092,-1.2485,-0.008356,178.63
293.5,51.509,-0.16092,-1.2184,-0.025325,178.88
294,51.509,-0.16092,-1.2566,-0.038566,179.2
294.5,51.509,-0.16092,-1.242,-0.031569,179.84
295,51.509,-0.16092,-1.2232,-0.037601,180.37
295.5,51.509,-0.16092,-1.2542,-0.050378,181.55
296,51.509,-0.16092,-1.2366,-0.046028,180.78
296.5,51.509,-0.16092,-1.2448,-0.022479,181.61
297,51.509,-0.16092,-1.2783,0.023571,180.09
297.5,51.509,-0.16092,-1.1987,0.0028872,180.13
298,51.509,-0.16092,-1.273,-0.016182,180.35
298.5,51.509,-0.16092,-1.2568,-0.024476,180.56
299,51.509,-0.16092,-1.2468,-0.015769,179.56
299.5,51.509,-0.16092,-1.2265,-0.040736,179.16
300,51.509,-0.16092,-1.24,-0.054612,179.7
300.5,51.509,-0.16092,-1.2692,-0.026173,180.75
301,51.509,-0.16092,-1.2689,-0.011605,180.84
301.5,51.509,-0.16092,-1.2089,-0.025962,180.82
302,51.509,-0.16092,-1.2822,-0.018415,180.1
302.5,51.509,-0.16092,-1.216,-0.0010626,180.27
303,51.509,-0.16092,-1.2328,0.0067685,180.25
303.5,51.509,-0.16092,-1.231,-0.0095981,179.87
304,51.509,-0.16092,-1.2427,-0.012151,180.08
304.5,51.509,-0.16092,-1.2576,-0.0028488,179.58
305,51.509,-0.16092,-1.2531,0.010849,179.6
305.5,51.509,-0.16092,-1.0539,0.0040306,179.52
306,51.509,-0.16092,-0.74838,0.012619,179.7
306.5,51.509,-0.16092,-0.50704,-0.022763,179.63
307,51.509,-0.16092,-0.26538,-0.016098,179.76
307.5,51.509,-0.16092,-0.19908,0.059994,169.73
308,51.509,-0.16092,-0.2088,0.11646,152.91
308.5,51.509,-0.16092,-0.14938,0.18202,137.29
309,51.509,-0.16092,-0.11482,0.2242,121.84
309.5,51.509,-0.16092,-0.071186,0.26064,105.62
310,51.509,-0.16092,0.0045228,0.20983,89.353
310.5,51.509,-0.16091,0.07347,0.25643,74.421
311,51.509,-0.16091,0.10847,0.21488,60.472
311.5,51.509,-0.16091,0.1415,0.18815,45.681
312,51.509,-0.16091,0.2235,0.12927,30.251
312.5,51.509,-0.16091,0.21535,0.085057,14.367
313,51.509,-0.16091,0.20697,0.012502,-0.23721
313.5,51.509,-0.16091,0.4449,-0.001096,-6.369
314,51.509,-0.16091,0.72334,-0.0013077,-5.8839
314.5,51.509,-0.16091,0.99552,0.0040043,-3.5204
315,51.509,-0.16091,1.2391,0.0011116,-2.9458
315.5,51.509,-0.16091,1.2374,0.0054527,-1.8814
316,51.509,-0.16091,1.242,0.031537,-0.86039
316.5,51.509,-0.16091,1.2946,0.0017543,-1.4339
317,51.509,-0.16091,1.2343,0.0087496,-0.8539
317.5,51.509,-0.16091,1.2585,0.028132,0.15471
318,51.509,-0.16091,1.2732,0.027578,1.9499
318.5,51.509,-0.16091,1.2488,0.0098031,1.3146
319,51.509,-0.16091,1.2613,-0.0078667,0.42723
319.5,51.509,-0.16091,1.2375,-0.0087557,-0.058087
320,51.509,-0.16091,1.2746,-0.0024138,-0.36911
320.5,51.509,-0.16091,1.2382,-0.0015565,-0.37953
321,51.509,-0.16091,1.2784,-0.020956,-1.7541
321.5,51.509,-0.16091,1.2263,-0.0074497,-0.83911
322,51.509,-0.16091,1.2389,0.0029399,-0.25812
322.5,51.509,-0.16091,1.2224,-0.018078,-0.68029
323,51.509,-0.16091,1.2562,-0.030707,-0.9309
323.5,51.509,-0.16091,1.2609,-0.026576,-1.149
324,51.509,-0.16091,1.2446,-0.011094,-1.9472
324.5,51.509,-0.16091,1.2359,-0.021917,-2.2301
325,51.509,-0.16091,1.2796,-0.043022,-2.1375
325.5,51.509,-0.16091,1.2632,-0.027818,-1.2027
326,51.509,-0.16091,1.2592,0.019247,-0.009312
326.5,51.509,-0.16091,1.2852,-0.0075768,0.15112
327,51.509,-0.16091,1.2597,-0.016549,-0.67278
327.5,51.509,-0.16091,1.2621,-0.014119,-0.37033
328,51.509,-0.16091,1.2385,-0.015164,-0.66247
328.5,51.509,-0.16091,1.2477,-0.010797,-0.7537
329,51.509,-0.16091,1.2318,-0.017469,-0.73918
329.5,51.509,-0.16091,1.2734,-0.019951,-0.65116
330,51.509,-0.16091,1.2546,0.0069961,-0.38328
330.5,51.509,-0.16091,1.2644,0.019899,-0.0053445
331,51.509,-0.16091,1.2264,0.025045,-0.14727
331.5,51.509,-0.16091,1.2633,0.030394,0.020049
332,51.509,-0.16091,1.2484,0.003735,-0.63976
332.5,51.509,-0.16091,1.2284,0.0075924,-0.79248
333,51.509,-0.16091,1.2856,-0.022255,-1.2683
333.5,51.51,-0.16091,1.229,-0.0012049,-0.90354
334,51.51,-0.16091,1.2628,-0.0022092,-1.5064
334.5,51.51,-0.16091,1.2381,-0.017777,-1.932
335,51.51,-0.16091,1.2554,-0.0020349,-1.8961
335.5,51.51,-0.16091,1.2429,0.0081938,-1.3229
336,51.51,-0.16091,1.2563,0.0032829,-1.3924
336.5,51.51,-0.16091,1.2236,0.015508,-1.7271
337,51.51,-0.16091,1.2448,0.0033772,-1.6448
337.5,51.51,-0.16091,1.2958,-0.015377,-1.4273
338,51.51,-0.16091,1.2047,0.0079938,-2.042
338.5,51.51,-0.16091,1.2838,-0.01206,-2.2634
339,51.51,-0.16091,1.2384,0.015494,-0.58911
339.5,51.51,-0.16091,1.2316,-0.0010481,-0.6402
340,51.51,-0.16091,1.2488,-0.022549,-1.8987
340.5,51.51,-0.16091,1.2544,-0.0019951,-1.5416
341,51.51,-0.16091,1.2371,0.021104,-1.1518
341.5,51.51,-0.16091,1.2568,0.0016523,-1.9642
342,51.51,-0.16091,1.264,-0.01394,-2.4985
342.5,51.51,-0.16091,1.2847,-0.0094571,-1.8163
343,51.51,-0.16091,1.2228,-0.0059813,-2.3739
343.5,51.51,-0.16091,1.2412,0.005371,-1.9616
344,51.51,-0.16091,1.2245,-0.041338,-2.9806
344.5,51.51,-0.16091,1.0056,-0.021404,-2.7981
345,51.51,-0.16091,0.74819,0.0094834,-2.961
345.5,51.51,-0.16091,0.48609,0.013494,-2.3516
346,51.51,-0.16091,0.24604,0.012013,-2.7598
346.5,51.51,-0.16091,0.18229,0.070257,7.8229
347,51.51,-0.16091,0.1474,0.12382,25.059
347.5,51.51,-0.16091,0.17926,0.15831,39.764
348,51.51,-0.16091,0.092767,0.20332,54.673
348.5,51.51,-0.16091,0.07413,0.2162,71.376
349,51.51,-0.1609,-0.023463,0.2456,87.963
349.5,51.51,-0.1609,-0.050295,0.21732,103.51
350,51.51,-0.1609,-0.11157,0.19345,118.02
350.5,51.51,-0.1609,-0.16542,0.16545,132.66
351,51.51,-0.1609,-0.19896,0.098587,149.06
351.5,51.51,-0.1609,-0.27476,0.076256,164.04
352,51.51,-0.1609,-0.20824,-0.031261,179.26
352.5,51.51,-0.1609,-0.50792,-0.0095727,185.45
353,51.51,-0.1609,-0.73296,-0.046053,183.84
353.5,51.51,-0.1609,-1.0423,-0.014929,182.68
354,51.51,-0.1609,-1.2055,-0.04583,182.76
354.5,51.51,-0.1609,-1.3398,0.00793,181.32
355,51.51,-0.1609,-1.2073,-0.003221,180.55
355.5,51.51,-0.1609,-1.2992,0.00021674,180.7
356,51.51,-0.1609,-1.2264,-0.0055429,180.65
356.5,51.51,-0.1609,-1.2445,-0.010387,179.76
357,51.51,-0.1609,-1.2697,-0.0018865,179.07
357.5,51.51,-0.1609,-1.2646,0.012471,179.64
358,51.51,-0.1609,-1.2846,0.031951,179.12
358.5,51.51,-0.1609,-1.2618,0.036733,179.11
359,51.51,-0.1609,-1.2513,0.014946,179.66
359.5,51.51,-0.1609,-1.3139,0.01293,180.34
360,51.51,-0.1609,-1.2382,0.001663,180.33
360.5,51.51,-0.1609,-1.276,-0.0071279,181.44
361,51.51,-0.1609,-1.2177,-0.012649,180.71
361.5,51.51,-0.1609,-1.2878,-0.0080965,180.37
362,51.51,-0.1609,-1.2212,-0.0058103,180.6
362.5,51.51,-0.1609,-1.2836,-0.0023072,180.42
363,51.51,-0.1609,-1.2397,0.011651,179.49
363.5,51.51,-0.1609,-1.2263,0.0041566,179.95
364,51.51,-0.1609,-1.2908,-0.002847,179.68
364.5,51.509,-0.1609,-1.1772,0.0041822,179.89
365,51.509,-0.1609,-1.3089,0.013597,179.74
365.5,51.509,-0.1609,-1.2559,0.0026475,179.82
366,51.509,-0.1609,-1.2826,0.00023357,179.89
366.5,51.509,-0.1609,-1.2645,0.018817,178.32
367,51.509,-0.1609,-1.2446,0.013134,177.86
367.5,51.509,-0.1609,-1.2461,0.034271,178.1
368,51.509,-0.1609,-1.2771,0.019892,177.61
368.5,51.509,-0.1609,-1.2263,0.0080231,176.96
369,51.509,-0.1609,-1.2935,-0.021262,177.81
369.5,51.509,-0.1609,-1.2276,0.0042501,179.05
370,51.509,-0.1609,-1.27,0.0027662,179.81
370.5,51.509,-0.1609,-1.2223,-0.0023961,180.56
371,51.509,-0.1609,-1.2331,-0.0026397,180.99
371.5,51.509,-0.1609,-1.2377,-0.019433,181.29
372,51.509,-0.1609,-1.2375,-0.00070388,181.08
372.5,51.509,-0.1609,-1.2659,-0.011765,180.15
373,51.509,-0.1609,-1.2419,0.010938,179.63
373.5,51.509,-0.1609,-1.2671,0.031809,178.86
374,51.509,-0.1609,-1.2031,0.026829,178.84
374.5,51.509,-0.1609,-1.2808,0.030261,178.22
375,51.509,-0.1609,-1.2513,0.030579,178.05
375.5,51.509,-0.1609,-1.2541,0.018991,177.6
376,51.509,-0.1609,-1.2758,0.023618,177.97
376.5,51.509,-0.1609,-1.2671,0.018806,179.78
377,51.509,-0.1609,-1.2094,-0.0062682,179.5
377.5,51.509,-0.1609,-1.2846,0.0069669,179.85
378,51.509,-0.1609,-1.2031,0.0055535,179.93
378.5,51.509,-0.1609,-1.3009,0.022072,179.45
379,51.509,-0.1609,-1.2264,0.011498,179.45
379.5,51.509,-0.1609,-1.277,-0.029059,180.14
380,51.509,-0.1609,-1.253,-0.029534,180.24
380.5,51.509,-0.1609,-1.2398,-0.037398,181.49
381,51.509,-0.1609,-1.27,-0.042959,181.8
381.5,51.509,-0.1609,-1.2122,-0.0030092,180.18
382,51.509,-0.1609,-1.25,-0.026994,179.98
382.5,51.509,-0.1609,-1.2863,-0.0083463,179.75
383,51.509,-0.1609,-1.2007,-0.031365,179.26
383.5,51.509,-0.1609,-1.0669,0.0014304,178.42
384,51.509,-0.1609,-0.76858,0.0082251,178.2
384.5,51.509,-0.1609,-0.47536,-0.0062027,177.89
385,51.509,-0.1609,-0.29925,-0.013465,177.87
385.5,51.509,-0.1609,-0.16872,0.048551,166.41
386,51.509,-0.1609,-0.28267,0.13827,148.7
386.5,51.509,-0.1609,-0.1351,0.15661,134.14
387,51.509,-0.1609,-0.13748,0.21782,119.13
387.5,51.509,-0.16089,-0.044152,0.24475,104.6
388,51.509,-0.16089,-0.012893,0.26976,89.029
388.5,51.509,-0.16089,0.069124,0.25088,74.037
389,51.509,-0.16089,0.11528,0.23193,59.238
389.5,51.509,-0.16089,0.18295,0.1596,44.914
390,51.509,-0.16089,0.17189,0.11625,29.631
390.5,51.509,-0.16089,0.25744,0.086124,14.926
391,51.509,-0.16088,0.24676,-0.024965,-1.6658
391.5,51.509,-0.16088,0.4517,1.2129e-05,-7.4447
392,51.509,-0.16088,0.7724,-0.0022964,-6.2032
392.5,51.509,-0.16088,0.96676,0.006805,-4.9199
393,51.509,-0.16088,1.2636,-0.022177,-3.5609
393.5,51.509,-0.16089,1.3106,-0.0065863,-3.3449
394,51.509,-0.16089,1.2692,-0.030105,-3.1086
394.5,51.509,-0.16089,1.2385,-0.047862,-2.5703
395,51.509,-0.16089,1.2828,-0.02236,-2.403
395.5,51.509,-0.16089,1.2288,0.00034181,-3.309
396,51.509,-0.16089,1.2262,-0.031201,-4.4128
396.5,51.509,-0.16089,1.2257,-0.013278,-3.8719
397,51.509,-0.16089,1.2585,-0.034274,-3.6897
397.5,51.509,-0.16089,1.2209,-0.02397,-2.709
398,51.509,-0.16089,1.2219,-0.018073,-2.3799
398.5,51.509,-0.16089,1.2621,-0.012653,-2.1197
399,51.509,-0.16089,1.2756,-0.033843,-2.5997
399.5,51.509,-0.16089,1.2581,-0.0090206,-1.8559
400,51.509,-0.16089,1.2241,0.026216,-1.3351
400.5,51.509,-0.16089,1.2516,-0.0031567,-1.187
401,51.509,-0.16089,1.2251,0.019092,-0.47346
401.5,51.509,-0.16089,1.2352,-0.0028003,-1.8522
402,51.509,-0.16089,1.2329,-0.018303,-1.1787
402.5,51.509,-0.16089,1.2799,-0.03637,-1.7382
403,51.509,-0.16089,1.2021,-0.051528,-2.4556
403.5,51.509,-0.16089,1.2855,-0.054497,-1.7685
404,51.509,-0.16089,1.2142,-0.054893,-2.682
404.5,51.509,-0.16089,1.2943,-0.041666,-2.4805
405,51.509,-0.16089,1.171,-0.0021176,-1.6618
405.5,51.509,-0.16089,1.2768,-0.01507,-1.0288
406,51.509,-0.16089,1.2063,0.011233,0.17692
406.5,51.509,-0.16089,1.286,0.0014754,-0.12935
407,51.509,-0.16089,1.206,-0.01107,-1.3788
407.5,51.509,-0.16089,1.2235,-0.0069425,-0.73757
408,51.509,-0.16089,1.2962,-0.0011517,-1.0644
408.5,51.509,-0.16089,1.21,0.019612,-0.70614
409,51.509,-0.16089,1.2895,0.0078625,-1.0342
409.5,51.509,-0.16089,1.2168,0.014827,-1.7974
410,51.509,-0.16089,1.2644,0.0037772,-1.7813
410.5,51.509,-0.16089,1.2206,0.024312,-0.85894
411,51.509,-0.16089,1.257,0.031574,0.69506
411.5,51.509,-0.16089,1.2359,0.025104,-0.34885
412,51.51,-0.16089,1.2591,0.004336,-1.5832
412.5,51.51,-0.16089,1.255,0.019323,-1.5574
413,51.51,-0.16089,1.2286,0.034215,-0.54789
413.5,51.51,-0.16089,1.2412,0.0082201,-0.98404
414,51.51,-0.16089,1.2787,0.0053661,-1.1638
414.5,51.51,-0.16089,1.1821,-0.012525,-1.7681
415,51.51,-0.16089,1.2692,-0.013895,-0.85846
415.5,51.51,-0.16089,1.2015,-0.010974,-0.44559
416,51.51,-0.16089,1.2746,-0.031833,-0.8061
416.5,51.51,-0.16089,1.2113,0.0039766,-1.4654
417,51.51,-0.16089,1.2226,-0.020352,-1.2517
417.5,51.51,-0.16089,1.2491,-0.046634,-2.0922
418,51.51,-0.16089,1.2516,-0.036712,-3.4439
418.5,51.51,-0.16089,1.2192,-0.014883,-1.9387
419,51.51,-0.16089,1.2561,-0.0054956,-2.8164
419.5,51.51,-0.16089,1.224,0.0029081,-2.3395
420,51.51,-0.16089,1.2311,-0.0051596,-1.3018
420.5,51.51,-0.16089,1.2384,0.0096866,-0.90264
421,51.51,-0.16089,1.2432,0.017376,-1.0595
421.5,51.51,-0.16089,1.2289,0.0127,-2.4039
422,51.51,-0.16089,1.2477,-0.0035812,-2.3499
422.5,51.51,-0.16089,1.0507,0.0053041,-2.2561
423,51.51,-0.16089,0.70509,-0.0030794,-2.3057
423.5,51.51,-0.16089,0.53232,-0.0024638,-1.3915
424,51.51,-0.16089,0.23205,0.0078509,-2.779
424.5,51.51,-0.16089,0.13668,-0.00021788,-3.2848
425,51.51,-0.16089,-0.031909,-0.0034717,-1.9397
